observat,dist_cod,county,district,gr_span,enrl_tot,teachers,calw_pct,meal_pct,computer,testscr,comp_stu,expn_stu,str,avginc,el_pct,read_scr,math_scr
1,75119,Alameda,Sunol Glen Unified,KK-08,195,10.9,.51020002,2.0408001,67,690.79999,.34358975,6384.9111,17.88991,22.690001,0,691.59998,690
2,61499,Butte,Manzanita Elementary,KK-08,240,11.15,15.4167,47.916698,101,661.20001,.42083332,5099.3809,21.524664,9.8240004,4.5833335,660.5,661.90002
3,61549,Butte,Thermalito Union Elementary,KK-08,1550,82.900002,55.032299,76.322601,169,643.59998,.10903226,5501.9546,18.697226,8.9779997,30.000002,636.29999,650.90002
4,61457,Butte,Golden Feather Union Elementary,KK-08,243,14,36.475399,77.049202,85,647.70001,.34979424,7101.8311,17.357143,8.9779997,0,651.90002,643.5
5,61523,Butte,Palermo Union Elementary,KK-08,1335,71.5,33.108601,78.427002,171,640.84998,.12808989,5235.9878,18.671329,9.0803328,13.857677,641.79999,639.90002
6,62042,Fresno,Burrel Union Elementary,KK-08,137,6.4000001,12.3188,86.956497,25,605.55005,.18248175,5580.147,21.40625,10.415,12.408759,605.70001,605.40002
7,68536,San Joaquin,Holt Union Elementary,KK-08,195,10,12.9032,94.623703,28,606.75,.14358975,5253.3311,19.5,6.5770001,68.717949,604.5,609
8,63834,Kern,Vineland Elementary,KK-08,888,42.5,18.806299,100,66,609,.074324325,4565.7461,20.894117,8.1739998,46.959461,605.5,612.5
9,62331,Fresno,Orange Center Elementary,KK-08,379,19,32.189999,93.139801,35,612.5,.092348285,5355.5483,19.947369,7.3850002,30.079157,608.90002,616.09998
10,67306,Sacramento,Del Paso Heights Elementary,KK-06,2247,108,78.994202,87.316399,0,612.65002,0,5036.2114,20.805555,11.613333,40.275921,611.90002,613.40002
11,65722,Merced,Le Grand Union Elementary,KK-08,446,21,18.6099,85.874397,86,615.75,.19282511,4547.6924,21.238094,8.9309998,52.914799,612.79999,618.70001
12,62174,Fresno,West Fresno Elementary,KK-08,987,47,71.713097,98.605598,56,616.29999,.056737587,5447.3452,21,7.3850002,54.609932,616.59998,616
13,71795,Tulare,Allensworth Elementary,KK-08,103,5,22.429899,98.130798,25,616.29999,.24271844,6567.1494,20.6,5.335,42.718445,612.79999,619.79999
14,72181,Tulare,Sunnyside Union Elementary,KK-08,487,24.34,24.6094,77.148399,0,616.29999,0,4818.6128,20.008217,8.2790003,20.53388,610,622.59998
15,72298,Tulare,Woodville Elementary,KK-08,649,36,14.6379,76.271202,31,616.45001,.047765795,5621.4561,18.027779,9.6300001,80.12326,611.90002,621
16,72041,Tulare,Pixley Union Elementary,KK-08,852,42.07,24.214199,94.2957,80,617.34998,.093896717,6026.3599,20.251961,7.454,49.413143,614.79999,619.90002
17,63594,Kern,Lost Hills Union Elementary,KK-08,491,28.92,11.2016,97.759697,100,618.05005,.20366599,6723.2378,16.977869,6.2160001,85.539719,611.70001,624.40002
18,63370,Kern,Buttonwillow Union Elementary,KK-08,421,25.5,8.5510998,77.909698,50,618.30005,.11876485,5589.8853,16.509804,7.7639999,58.907364,614.90002,621.70001
19,64709,Los Angeles,Lennox Elementary,KK-08,6880,303.03,21.2824,94.971199,960,619.79999,.13953489,5064.6157,22.704023,7.0219998,77.005814,619.09998,620.5
20,63560,Kern,Lamont Elementary,KK-08,2688,135,23.4375,93.229202,139,620.29999,.05171131,5433.5933,19.911112,5.6989999,49.813988,621.29999,619.29999
21,63230,Imperial,Westmorland Union Elementary,KK-08,440,24,34.772701,100,69,620.5,.15681818,5725.5635,18.333334,7.941,40.68182,615.59998,625.40002
22,72058,Tulare,Pleasant View Elementary,KK-08,475,21,21.6495,91.546402,53,621.40002,.11157895,4542.105,22.619047,9.6300001,16.210526,619.90002,622.90002
23,63842,Kern,Wasco Union Elementary,KK-08,2538,130.5,18.9111,70.816704,169,621.75,.066587865,5107.0864,19.448277,7.4050002,45.074863,622.90002,620.59998
24,71811,Tulare,Alta Vista Elementary,KK-08,476,19,43.8559,100,0,622.05005,0,4659.6616,25.052631,9.6300001,39.07563,620.70001,623.40002
25,65748,Merced,Livingston Union Elementary,KK-08,2357,114,16.801001,90.623703,216,622.59998,.091641918,4555.4644,20.675438,8.0190001,76.665253,619.5,625.70001
26,72272,Tulare,Woodlake Union Elementary,KK-08,1588,85,22.4072,85.147202,198,623.09998,.12468514,5415.1528,18.682352,8.5229998,40.491184,625,621.20001
27,65961,Monterey,Alisal Union Elementary,KK-06,7306,319.79999,17.001499,88.034897,742,623.20001,.10156036,4997.8716,22.84553,7.9831815,73.72023,620.40002,626
28,63313,Kern,Arvin Union Elementary,KK-08,2601,135,15.0711,92.195297,269,623.45001,.10342176,5223.9121,19.266666,7.3049998,70.011536,616.5,630.40002
29,72199,Tulare,Terra Bella Union Elementary,KK-08,847,44,16.292801,90.200699,67,623.59998,.079102717,5139.1646,19.25,8.934,55.962215,620.09998,627.09998
30,72215,Tulare,Tipton Elementary,KK-08,452,22,14.4989,81.023499,55,624.15002,.12168141,4614.252,20.545454,8.5539999,11.061947,627.90002,620.40002
31,68379,San Diego,San Ysidro Elementary,KK-08,4142,201,35.5625,81.5065,569,624.55005,.13737325,5342.2334,20.606966,6.6129999,80.42009,620.40002,628.70001
32,75440,Monterey,Soledad Unified,KK-08,2102,99.75,15.3199,90.284897,224,624.95001,.10656518,5347.4585,21.072681,12.409,63.130356,623,626.90002
33,64816,Los Angeles,Mountain View Elementary,KK-08,10012,464.89999,29.763901,91.593399,721,625.29999,.072013587,5036.459,21.535814,8.1266155,65.121857,620.79999,629.79999
34,66050,Monterey,King City Union Elementary,KK-08,2488,125,12.692,55.092999,202,625.84998,.081189707,5117.1416,19.903999,11.431,53.416401,626.09998,625.59998
35,67819,San Bernardino,Ontario-Montclair Elementary,KK-08,25151,1186.7,17.4426,80.195602,1713,626.09998,.068108626,5117.0396,21.194069,11.722225,49.823071,625.40002,626.79999
36,64758,Los Angeles,Los Nietos Elementary,KK-08,2267,103.68,19.151699,84.4338,177,626.80005,.07807675,5272.1919,21.865355,11.3325,35.46537,625.40002,628.20001
37,65870,Merced,Winton Elementary,KK-08,1657,90.400002,28.8473,84.7314,204,626.90002,.12311406,5225.7192,18.329645,9.5979996,56.125526,623.59998,630.20001
38,62380,Fresno,Raisin City Elementary,KK-08,284,17.5,14.527,94.932404,18,627.09998,.063380279,6516.5332,16.228571,14.558,32.394367,628.90002,625.29999
39,68999,San Mateo,Ravenswood City Elementary,KK-08,5370,280,19.571699,81.117302,562,627.25,.1046555,4559.1768,19.178572,22.059999,65.5121,624.40002,630.09998
40,63578,Kern,Richland-Lerdo Union Elementary,KK-08,2471,121.86,23.796,87.778198,275,627.29999,.11129098,5119.1582,20.277367,9.7089996,53.055443,627.5,627.09998
41,72538,Ventura,Oxnard Elementary,KK-08,15386,669.35999,12.5064,71.433098,1762,628.25,.11451969,5338.1855,22.986137,11.482944,49.642532,627.79999,628.70001
42,65680,Merced,El Nido Elementary,KK-08,184,9,22.2826,85.869598,40,628.40002,.2173913,5090.0449,20.444445,8.1780005,45.108696,621.59998,635.20001
43,63461,Kern,Fairfax Elementary,KK-08,1217,61.400002,33.908001,88.0952,78,628.55005,.064092033,5485.4961,19.820847,8.1739998,30.320459,629.40002,627.70001
44,63404,Kern,Delano Union Elementary,KK-08,6219,268,21.4986,100,571,628.65002,.091815405,4793.3701,23.205223,7.5,52.243126,621.09998,636.20001
45,67199,Riverside,Perris Elementary,KK-06,4258,221,24.6595,92.743103,324,628.75,.076092064,5092.9175,19.266968,10.0505,36.801315,626.5,631
46,65078,Los Angeles,Valle Lindo Elementary,KK-08,1235,53,8.2182999,62.130199,175,629.80005,.1417004,4359.521,23.301888,7.3319998,30.2834,630.20001,629.40002
47,69369,Santa Clara,Alum Rock Union Elementary,KK-08,16244,766.65002,17.4531,69.739899,1423,630.34998,.087601572,5645.4956,21.188286,12.581577,49.864567,629.5,631.20001
48,63438,Kern,Edison Elementary,KK-08,814,39,19.7789,67.444702,85,630.40002,.10442261,4518.0161,20.871796,15.177,13.759213,631.90002,628.90002
49,63321,Kern,Bakersfield City Elementary,KK-08,27176,1429,39.218399,84.294998,3324,630.54999,.1223138,5864.3662,19.017494,12.109128,28.863705,631.59998,629.5
50,69450,Santa Clara,Franklin-McKinley Elementary,KK-08,10696,487.97,22.157801,70.895699,1306,630.54999,.12210172,5257.9966,21.91938,11.785,52.804787,628.5,632.59998
51,64592,Los Angeles,Hawthorne Elementary,KK-08,8935,444.5,36.945099,79.512001,786,631.05005,.087968662,5016.6924,20.101238,14.062,44.08506,628.40002,633.70001
52,65193,Madera,Chowchilla Elementary,KK-08,1600,74.5,27.2614,79.725502,242,631.40002,.15125,4720.0864,21.476511,10.472,35.25,635.70001,627.09998
53,66142,Monterey,Salinas City Elementary,KK-06,9028,449.92001,13.9885,69.942497,669,631.84998,.074102789,5470.5625,20.065788,13.405117,37.494461,633,630.70001
54,69120,Santa Barbara,Santa Maria-Bonita Elementary,KK-08,10625,521.46997,7.4974999,77.525597,896,631.90002,.084329411,5615.4419,20.375095,12.3018,50.390591,629.59998,634.20001
55,65110,Los Angeles,Whittier City Elementary,KK-08,7151,318.57999,18.5481,61.738201,560,631.95001,.078310728,5245.4399,22.446482,15.404071,31.072578,634.20001,629.70001
56,64477,Los Angeles,Eastside Union Elementary,KK-08,2404,105,20.927401,52.943501,202,632,.08402662,4838.1753,22.895239,13.762,18.261232,633.5,630.5
57,64691,Los Angeles,Lawndale Elementary,KK-08,5804,283.14999,28.342501,81.116501,480,632.20001,.082701586,5367.9883,20.497971,14.184,34.700207,631.40002,633
58,67421,Sacramento,Robla Elementary,KK-06,2253,112.65,43.497601,84.553902,196,632.25,.086995117,5526.2368,20,8.8649998,33.288948,637.5,627
59,66191,Monterey,Santa Rita Union Elementary,KK-08,2807,126.12,15.4595,52.3964,152,632.44995,.054150339,4353.0195,22.25658,12.997,33.487709,637.29999,627.59998
60,72561,Ventura,Rio Elementary,KK-08,3074,142.55,11.2898,66.194901,249,632.84998,.081001952,5034.29,21.564363,11.592,38.158752,633.20001,632.5
61,72157,Tulare,Strathmore Union Elementary,KK-08,723,37.119999,25.921101,83.157898,45,632.95001,.062240664,4692.4937,19.477371,8.2790003,36.929462,629.20001,636.70001
62,67397,Sacramento,North Sacramento Elementary,KK-06,5138,290.77499,58.752201,84.999001,560,633.04999,.10899182,5606.7817,17.670021,10.905643,32.989491,630.29999,635.79999
63,66423,Orange,Anaheim Elementary,KK-06,20927,953.5,10.9114,82.392601,1048,633.15002,.050078847,4969.1807,21.947561,13.400625,58.216656,629.59998,636.70001
64,63974,Kings,Lemoore Union Elementary,KK-08,3017,138.5,14.9768,56.063599,496,633.65002,.16440172,4675.6748,21.783394,11.081,17.003647,634.40002,632.90002
65,63875,Kings,Armona Union Elementary,KK-08,957,50,27.1682,82.131699,149,633.90002,.15569489,5306.1328,19.139999,9.0819998,17.659353,634.70001,633.09998
66,63339,Kern,Beardsley Elementary,KK-08,1639,90.5,46.888199,80.604202,287,634,.17510678,5693.8833,18.110497,13.39,7.3215375,638.40002,629.59998
67,65037,Los Angeles,South Whittier Elementary,KK-08,4340,209.84,17.7026,93.922699,284,634.05005,.065437786,5181.5796,20.682425,14.601625,31.198156,631.90002,636.20001
68,63917,Kings,Hanford Elementary,KK-08,5079,224.5,25.559299,63.8036,585,634.09998,.11518016,5228.6509,22.623608,11.116,16.617445,637.70001,630.5
69,68221,San Diego,National Elementary,KK-06,6639,304.73001,26.8414,100,505,634.09998,.076065674,5339.3911,21.786499,8.4230003,58.081036,631.5,636.70001
70,70904,Sonoma,Roseland Elementary,KK-06,1154,62.099998,22.9277,84.920601,129,634.15002,.1117851,6056.4971,18.582932,11.665,55.892544,636.79999,631.5
71,63420,Kern,Di Giorgio Elementary,KK-08,237,11,19.8312,76.793198,13,634.19995,.054852322,4845.6802,21.545454,7.3049998,5.4852324,631.79999,636.59998
72,64642,Los Angeles,Keppel Union Elementary,KK-08,2987,141.21001,21.258801,68.3964,273,634.40002,.091396049,4826.666,21.152891,13.730599,14.429193,637.70001,631.09998
73,63966,Kings,Lakeside Union Elementary,KK-08,499,30,40.367001,83.119301,94,634.54999,.18837675,5367.0903,16.633333,11.116,22.845692,635.5,633.59998
74,65771,Merced,Merced City Elementary,KK-08,11474,542.65002,40.552601,77.008904,1248,634.70001,.10876765,5742.7329,21.144382,10.364429,38.783337,633.20001,636.20001
75,69203,Santa Barbara,Guadalupe Union Elementary,KK-08,1088,55,14.1544,86.029404,107,634.90002,.098345585,4136.251,19.781818,6.9829998,64.246323,631.09998,638.70001
76,67694,San Bernardino,Cucamonga Elementary,KK-08,2660,140.12,15.7601,74.850998,259,634.94995,.097368419,5267.8311,18.983728,14.4678,25.225565,637.79999,632.09998
77,61705,Contra Costa,Knightsen Elementary,KK-08,353,19.98,8.6721001,33.062302,8,635.04999,.022662889,5238.3921,17.667667,14.653,5.3824363,636.59998,633.5
78,63008,Humboldt,Rio Dell Elementary,KK-08,329,18.530001,28.915701,85.542198,37,635.19995,.11246201,5462.8994,17.754992,10.629,6.0790277,644.29999,626.09998
79,70417,Siskiyou,Montague Elementary,KK-08,252,16.5,23.4568,66.255096,32,635.45001,.12698413,6313.3735,15.272727,9.7810001,0,640.90002,630
80,70409,Siskiyou,McCloud Union Elementary,KK-08,175,12.5,21.7647,68.823502,31,635.59998,.17714286,6653.0308,14,10.656,0,634.59998,636.59998
81,72587,Ventura,Santa Paula Elementary,KK-08,3835,186.2,13.9911,72.862801,897,635.59998,.23389831,5533.1494,20.596134,11.938,34.889179,633,638.20001
82,62539,Fresno,West Park Elementary,KK-08,314,19.25,29.9363,93.6306,8,635.75,.025477707,6118.7104,16.311687,7.3850002,13.057324,636.70001,634.79999
83,65631,Merced,Atwater Elementary,KK-08,4458,211,22.2222,72.320801,445,635.95001,.099820547,5098.627,21.127962,10.676,36.025124,633.20001,638.70001
84,65862,Merced,Weaver Union Elementary,KK-08,1313,75.080002,32.0868,73.597603,112,636.09998,.08530084,5652.8789,17.488012,9.9720001,34.653465,633.90002,638.29999
85,62356,Fresno,Pacific Union Elementary,KK-08,474,26.5,21.518999,75.738403,36,636.5,.075949363,5329.0024,17.886793,8.2580004,28.691982,634.70001,638.29999
86,75051,San Bernardino,Lucerne Valley Unified,KK-08,1114,57.700001,29.4468,62.212799,277,636.59998,.2486535,5929.8091,19.306759,8.8959999,1.7953322,645.40002,627.79999
87,67231,Riverside,Romoland Elementary,KK-06,1358,65,14.7903,80.868301,178,636.69995,.13107511,4897.0679,20.892307,12.062,30.633286,632.29999,641.09998
88,64501,Los Angeles,El Monte City Elementary,KK-08,11629,546.29999,25.3794,83.873703,1015,636.90002,.087281793,5100.2021,21.286839,9.428895,59.033455,632.40002,641.40002
89,63503,Kern,Greenfield Union Elementary,KK-08,6195,306.75,21.043301,68.571899,1261,636.95001,.20355125,4825.7227,20.195599,8.9203329,13.559322,636.20001,637.70001
90,72033,Tulare,Palo Verde Union Elementary,KK-08,499,20,23.6994,80.924896,35,637,.07014028,4079.1292,24.950001,10.098,5.0100198,636.09998,637.90002
91,67322,Sacramento,Elverta Joint Elementary,KK-08,417,23,19.9041,46.043201,27,637.09998,.064748198,5349.3677,18.130434,11.83,.95923263,638,636.20001
92,64048,Lake,Lucerne Elementary,KK-08,300,15,48.344398,72.185402,55,637.34998,.18333334,5869.3892,20,11.553,.66666669,640.90002,633.79999
93,69542,Santa Clara,Luther Burbank Elementary,KK-08,457,24.4,16.816099,67.712997,50,637.65002,.10940919,6462.1279,18.729509,19.707001,38.512035,644.90002,630.40002
94,61382,Butte,Bangor Union Elementary,KK-08,146,8,25.342501,54.1096,34,637.94995,.23287672,6231.6016,18.25,7.105,0,646.09998,629.79999
95,68858,San Mateo,Bayshore Elementary,KK-08,460,24.219999,10.5932,66.949203,71,637.95001,.15434782,4993.8677,18.992569,13.725,17.173914,633.20001,642.70001
96,72017,Tulare,Oak Valley Union Elementary,KK-08,354,17.799999,10.2778,59.722198,28,638,.079096042,4663.811,19.887642,10.098,9.8870058,636.70001,639.29999
97,65151,Los Angeles,Wilsona Elementary,KK-08,1841,95,25.257999,64.747398,315,638.20001,.17110266,6107.1064,19.378948,13.762,19.391636,640.40002,636
98,63073,Imperial,Brawley Elementary,KK-08,3760,183.75,26.9016,65.796097,717,638.30005,.19069149,5324.228,20.462585,9.665,36.489361,636.20001,640.40002
99,63198,Imperial,Meadows Union Elementary,KK-08,500,22.43,18.799999,83,70,638.30005,.14,5221.4609,22.291573,10.264,39.399998,630.40002,646.20001
100,64717,Los Angeles,Little Lake City Elementary,KK-08,5112,246.89999,10.6912,59.723499,383,638.34998,.07492175,5157.7847,20.704739,11.569201,28.677622,638.59998,638.09998
101,63719,Kern,Pond Union Elementary,KK-08,146,7.6599998,13.6986,66.4384,28,638.54999,.19178082,5131.1191,19.060053,7.4050002,13.69863,637.5,639.59998
102,63800,Kern,Taft City Elementary,KK-08,2141,105.82,26.4965,65.382797,134,638.70001,.062587574,5279.354,20.23247,12.077,11.349836,636.90002,640.5
103,71357,Sutter,Brittan Elementary,KK-08,610,30.98,8.5246,56.065601,144,639.25,.23606557,4704.0439,19.690123,11.283,3.4426231,640.29999,638.20001
104,65557,Mendocino,Arena Union Elementary,KK-08,337,16.549999,21.262501,60.1329,26,639.30005,.077151336,6089.9106,20.362539,10.035,15.430267,642.70001,635.90002
105,67587,San Bernardino,Adelanto Elementary,KK-08,4501,227.85001,19.1297,63.905499,597,639.34998,.13263719,5356.8335,19.754223,8.3839998,17.973783,639.90002,638.79999
106,67470,San Benito,Hollister School District,KK-08,5718,295.04999,6.8407001,37.045601,313,639.5,.054739419,5144.5493,19.379766,13.63,22.717733,641.40002,637.59998
107,64857,Los Angeles,Palmdale Elementary,KK-08,19402,846.38,20.523701,51.2421,1182,639.75,.060921554,4906.23,22.92351,14.127667,18.436245,641.70001,637.79999
108,61507,Butte,Oroville City Elementary,KK-08,3401,175.55,52.219898,74.272301,560,639.79999,.16465746,5489.5889,19.373398,11.266125,16.171715,641.5,638.09998
109,63792,Kern,Standard Elementary,KK-08,2621,136.83,25.8298,64.097702,397,639.84998,.1514689,5718.5513,19.155155,13.39,2.0221288,641.40002,638.29999
110,72447,Ventura,Briggs Elementary,KK-08,426,20,3.9906001,64.788696,87,639.90002,.20422535,4436.1528,21.299999,11.938,9.6244135,634.29999,645.5
111,62323,Fresno,Monroe Elementary,KK-08,205,11.2,18.5366,80.975601,24,640.09998,.11707317,4895.4395,18.303572,8.2580004,41.463413,643.5,636.70001
112,64667,Los Angeles,Lancaster Elementary,KK-08,13668,648.40997,28.175301,56.2994,1321,640.15002,.09664911,5159.2188,21.079256,14.226727,9.8990345,640.40002,639.90002
113,65177,Madera,Alview-Dairyland Union Elementary,KK-08,342,18.200001,11.396,68.091202,98,640.5,.28654972,5490.6548,18.791208,10.472,16.081871,637.70001,643.29999
114,66589,Orange,Magnolia Elementary,KK-06,6518,332.10001,12.2791,71.023804,499,640.75,.076557226,5172.0195,19.626617,14.242901,43.494938,638.5,643
115,71985,Tulare,Liberty Elementary,KK-08,239,12.2,15.6118,69.6203,30,640.90002,.12552302,4441.6729,19.590164,14.066,8.7866106,644.90002,636.90002
116,69617,Santa Clara,Mt. Pleasant Elementary,KK-08,2911,139.47,11.9285,52.973499,281,641.09998,.0965304,5220.3701,20.871872,15.968,39.024387,640.40002,641.79999
117,63123,Imperial,El Centro Elementary,KK-08,6272,297.04001,28.719999,71.762398,1338,641.44995,.21332908,5252.8105,21.115002,10.264,53.890305,639.29999,643.59998
118,68395,San Diego,South Bay Union Elementary,KK-06,10218,508.75,17.4202,70.806396,1435,641.44995,.14043844,5518.7021,20.08452,10.60247,41.133293,638.59998,644.29999
119,69914,Shasta,Cascade Union Elementary,KK-08,1735,87.139999,47.262199,75.504303,222,641.54999,.12795389,5609.4878,19.910488,10.523,1.3832853,640.79999,642.29999
120,71969,Tulare,Kings River Union Elementary,KK-08,474,26.610001,20.6751,82.067497,96,641.80005,.20253165,4945.0317,17.812851,11.238,35.443039,638.90002,644.70001
121,71548,Tehama,Gerber Union Elementary,KK-08,544,30,20.550501,74.862396,145,642.19995,.2665441,5223.0254,18.133333,10.056,8.6397057,641.79999,642.59998
122,71910,Tulare,Exeter Union Elementary,KK-08,1987,103.37,15.2812,54.654099,283,642.20001,.14242576,4757.0254,19.222212,11.183,15.349774,637,647.40002
123,62000,Fresno,American Union Elementary,KK-08,418,22.4,10.6965,63.4328,50,642.40002,.11961722,5522.1616,18.660715,7.3850002,19.856459,640.20001,644.59998
124,66167,Monterey,San Antonio Union Elementary,KK-08,196,10,19.6891,47.150299,40,642.75,.20408164,6087.6089,19.6,13.579,3.0612245,652.59998,632.90002
125,71837,Tulare,Burton Elementary,KK-08,2208,114.5,14.414,53.210602,92,643.04999,.041666668,4960.5156,19.283842,9.6300001,9.873188,642,644.09998
126,67157,Riverside,Nuview Union Elementary,KK-08,1255,55,11.3222,44.259701,165,643.19995,.13147411,4880.0405,22.818182,15.274,16.095617,642.59998,643.79999
127,70615,Sonoma,Bellevue Union Elementary,KK-06,1469,78.099998,20.9666,80.258698,65,643.25,.044247787,6538.418,18.809219,14.03425,43.498978,639.40002,647.09998
128,64550,Los Angeles,Garvey Elementary,KK-08,7114,332.84,34.5942,82.572197,680,643.40002,.095586166,4925.6597,21.373632,10.239667,45.037952,638.90002,647.90002
129,71498,Tehama,Corning Union Elementary,KK-08,1962,98,24.4151,67.751801,170,643.40002,.086646281,5204.6875,20.020409,9.4849997,18.195719,641.70001,645.09998
130,68916,San Mateo,Jefferson Elementary,KK-08,7761,361,6.4912,44.476601,658,643.5,.084782891,4907.4106,21.498615,15.029875,15.487695,644.20001,642.79999
131,70185,Siskiyou,Big Springs Union Elementary,KK-08,216,14,9.4169998,48.878899,47,643.5,.2175926,5923.4517,15.428572,9.7810001,.92592591,652.70001,634.29999
132,63487,Kern,General Shafter Elementary,KK-08,224,10,7.1429,58.035702,31,643.69995,.13839285,4741.957,22.4,13.192,7.5892859,633.59998,653.79999
133,71308,Stanislaus,Turlock Joint Elementary,KK-08,7887,391.85999,16.402399,57.072201,1004,643.70001,.12729809,4954.0195,20.127087,12.216,29.085838,645.70001,641.70001
134,72421,Tuolumne,Twain Harte-Long Barn Union Elementary,KK-08,752,39.5,11.7105,34.078899,0,644.19995,0,5500.1079,19.037975,14.076,.13297872,652.29999,636.09998
135,69005,San Mateo,Redwood City Elementary,KK-08,9328,537.88,7.4875002,39.0368,1719,644.20001,.18428388,5360.5171,17.342157,25.487333,50.857632,644.5,643.90002
136,61846,El Dorado,Camino Union Elementary,KK-08,548,32.200001,7.6641998,31.3869,35,644.40002,.063868612,5685.6392,17.018633,14.867,11.49635,652.09998,636.70001
137,65813,Merced,Plainsburg Union Elementary,KK-08,104,5,32.381001,49.5238,19,644.45001,.1826923,5594.1963,20.799999,9.9720001,13.461539,649.5,639.40002
138,68486,San Joaquin,Banta Elementary,KK-08,275,13,12.7273,45.818199,4,644.45001,.014545455,4692.5669,21.153847,14.578,4.7272725,643.20001,645.70001
139,62513,Fresno,Washington Colony Elementary,KK-08,443,24,14.2212,69.977402,52,644.5,.11738149,5085.4063,18.458334,7.3850002,21.444695,644.29999,644.70001
140,67405,Sacramento,Rio Linda Union Elementary,KK-06,10337,540.04999,37.226898,58.545399,1268,644.54999,.12266615,5456.1973,19.140821,12.343,12.353681,646,643.09998
141,71050,Stanislaus,Chatom Union Elementary,KK-08,806,41.529999,7.1788001,56.675098,36,644.69995,.044665013,5105.1797,19.407658,12.431333,30.148884,645.29999,644.09998
142,73726,Merced,Merced River Union Elementary,KK-08,227,11.6,18.061701,59.0308,25,644.95001,.11013216,5519.6772,19.568964,14.906,15.85903,649.70001,640.20001
143,72462,Ventura,Hueneme Elementary,KK-08,8416,391.42001,12.399,71.912102,1333,645.09998,.15838878,5065.9111,21.5012,12.6699,43.75,642.90002,647.29999
144,62737,Humboldt,Cuddeback Union Elementary,KK-08,149,8.5,19.4631,59.060398,30,645.25,.20134228,5182.4282,17.529411,10.333,0,656.79999,633.70001
145,62703,Humboldt,Blue Lake Union Elementary,KK-08,220,13.39,19.1304,52.173901,48,645.54999,.21818182,5960.4644,16.430172,11.972,0,658,633.09998
146,68205,San Diego,Lemon Grove Elementary,KK-08,4612,232.97,17.476101,65.915001,601,645.55005,.13031223,5124.8364,19.796539,12.827,16.652212,647.70001,643.40002
147,64063,Lake,Upper Lake Union Elementary,KK-08,590,34.330002,37.436798,70.6577,71,645.59998,.12033898,5655.1333,17.186134,10.04,3.2203391,644.79999,646.40002
148,62984,Humboldt,Peninsula Union Elementary,KK-08,133,7.5500002,25,72.142899,25,645.75,.18796992,5811.6899,17.615894,13.335,0,644.29999,647.20001
149,72512,Ventura,Ocean View Elementary,KK-08,2440,121.24,7.2758999,47.0299,116,645.75,.047540985,5467.6738,20.125372,9.8540001,48.52459,645.5,646
150,71647,Tehama,Reeds Creek Elementary,KK-08,133,6,11.194,35.8209,0,646,0,5213.0894,22.166666,11.426,.75187969,652.5,639.5
151,67280,Sacramento,Arcohe Union Elementary,KK-08,519,26,16.763,37.9576,65,646.20001,.12524085,4613.1875,19.961538,15.131,1.9267824,650.90002,641.5
152,68627,San Joaquin,New Jerusalem Elementary,KK-08,222,11.66,7.5893002,40.625,30,646.34998,.13513513,4886.9839,19.039452,14.578,13.513513,643,649.70001
153,70243,Siskiyou,Dunsmuir Elementary,KK-08,285,18.719999,26.6423,76.277397,36,646.40002,.12631579,6455.1367,15.22436,10.268,0,641.59998,651.20001
154,71282,Stanislaus,Stanislaus Union Elementary,KK-08,3129,147.98,26.167601,55.7901,471,646.5,.15052733,5125.4331,21.144751,15.592857,16.714605,647.79999,645.20001
155,62240,Fresno,Kingsburg Joint Union Elementary,KK-08,2019,102.78,10.2526,40.564602,167,646.54999,.082714215,5193.6924,19.6439,11.238,5.9435363,649.09998,644
156,66456,Orange,Buena Park Elementary,KK-08,5620,267,10.3095,55.093899,316,646.70001,.056227759,5002.8389,21.048689,15.051375,36.174377,644,649.40002
157,66746,Orange,Westminster Elementary,KK-08,9775,484.5,13.043,62.503899,1218,646.90002,.12460358,5337.6255,20.175438,15.413177,44.971867,645.59998,648.20001
158,63933,Kings,Island Union Elementary,KK-08,246,11.5,9.7560997,43.902401,38,646.94995,.15447155,5161.2021,21.391304,11.081,16.666668,647.79999,646.09998
159,72231,Tulare,Tulare City Elementary,KK-08,7210,360.35001,26.626801,68.857903,800,647.04999,.110957,5158.792,20.008326,10.098,15.18724,642.5,651.59998
160,68023,San Diego,Chula Vista Elementary,KK-06,21338,1051.58,13.2272,45.994999,2889,647.25,.13539226,5123.4741,20.291372,14.2983,34.337799,645,649.5
161,69880,Shasta,Black Butte Union Elementary,KK-08,477,27,25.366899,59.538799,27,647.29999,.056603774,5782.5439,17.666666,11.803,0,650.79999,643.79999
162,65763,Merced,McSwain Union Elementary,KK-08,727,39.900002,10.1788,32.187099,50,647.59998,.068775788,4842.6079,18.220551,9.9720001,13.0674,649.40002,645.79999
163,71381,Sutter,Franklin Elementary,KK-08,374,18.450001,6.6845002,7.4865999,46,647.59998,.12299465,4219.4063,20.271002,15.409,4.2780747,651.59998,643.59998
164,68098,San Diego,Escondido Union Elementary,KK-08,18255,903.76001,11.2217,58.5331,2001,648,.10961381,5081.1699,20.198946,15.293799,39.594631,645,651
165,64485,Los Angeles,East Whittier City Elementary,KK-08,8787,410.91,10.0227,32.483002,1058,648.20001,.12040514,5144.9937,21.384245,15.532928,21.668373,648,648.40002
166,73544,Kern,Rio Bravo-Greeley Union Elementary,KK-08,797,38,7.0263,35.759102,60,648.25,.075282305,4674.2988,20.973684,16.292999,3.2622333,648.79999,647.70001
167,71407,Sutter,Marcum-Illinois Union Elementary,KK-08,140,7,3.5713999,39.285702,40,648.34998,.2857143,4830.3262,20,12.875,7.8571429,651.59998,645.09998
168,68437,San Diego,Vallecitos Elementary,KK-08,235,13.7,6.8084998,67.234001,51,648.70001,.21702127,5621.688,17.153284,16.622999,39.574467,643.40002,654
169,67918,San Bernardino,Victor Elementary,KK-06,8294,371.10001,23.1975,51.567402,1295,648.94995,.15613696,4948.8682,22.349771,12.549883,10.127803,645.09998,652.79999
170,66696,Orange,Savanna Elementary,KK-06,2409,108.66,8.1514997,52.120201,354,649.15002,.14694895,5100.9756,22.170071,14.258572,27.521791,646,652.29999
171,71001,Sonoma,West Side Union Elementary,KK-06,150,8.25,3.2258,23.2258,16,649.30005,.10666667,5132.7886,18.181818,18.326,14,655.20001,643.40002
172,69971,Shasta,Enterprise Elementary,KK-08,3981,210,41.773399,51.770901,606,649.5,.15222307,5358.5171,18.957144,12.749143,8.842,649.79999,649.20001
173,71621,Tehama,Red Bluff Union Elementary,KK-08,2326,117.8,17.9751,52.2523,345,649.69995,.1483233,5149.1865,19.745331,11.426,6.4058466,651.29999,648.09998
174,72363,Tuolumne,Jamestown Elementary,KK-08,501,30.5,20.634899,54.761902,163,649.84998,.3253493,5373.2065,16.426229,8.8299999,2.3952098,652.59998,647.09998
175,70482,Siskiyou,Weed Union Elementary,KK-08,470,28.27,31.3305,89.6996,48,650.44995,.10212766,6485.166,16.625397,11.176,5.9574471,655.09998,645.79999
176,63032,Humboldt,South Bay Union Elementary,KK-06,575,35.099998,26.434799,59.130402,59,650.54999,.1026087,5504.0254,16.381767,14.228,8.173913,654.59998,646.5
177,61655,Contra Costa,Brentwood Union Elementary,KK-08,3519,175.3,5.5412998,29.7812,789,650.59998,.22421142,5105.7344,20.074158,15.027,15.458937,655.40002,645.79999
178,72405,Tuolumne,Summerville Elementary,KK-08,474,26.34,21.995899,54.989799,61,650.65002,.12869199,5634.731,17.995443,10.521,0,653.59998,647.70001
179,66860,Placer,Ophir Elementary,KK-08,223,11.5,1.7544,17.5439,60,650.90002,.26905829,4980.2944,19.391304,18.625999,0,651.79999,650
180,70821,Sonoma,Montgomery Elementary,KK-08,92,5.5999999,13.5417,0,22,650.90002,.23913044,6113.8599,16.428572,22.528999,0,656.09998,645.70001
181,70912,Sonoma,Santa Rosa Elementary,KK-06,4971,297.14001,14.7094,55.1008,500,651.15002,.10058338,5850,16.729486,18.298389,31.824583,653.29999,649
182,71266,Stanislaus,Salida Union Elementary,KK-08,2617,107.195,8.3682003,32.369701,226,651.20001,.086358428,4547.9448,24.413452,11.88575,12.800917,651.70001,650.70001
183,70128,Shasta,Shasta Union Elementary,KK-08,242,13.25,28.099199,51.652901,32,651.34998,.1322314,5011.8403,18.264151,9.9259996,0,654.40002,648.29999
184,62802,Humboldt,Fortuna Union Elementary,KK-08,780,41.150002,16.5394,50.763401,75,651.40002,.096153848,5261.3706,18.955042,14.197,3.846154,662,640.79999
185,72090,Tulare,Rockford  Elementary,KK-08,324,15.4,13.0031,58.2043,50,651.45001,.15432099,4276.1152,21.038961,9.6300001,2.4691358,647,655.90002
186,62638,Glenn,Plaza Elementary,KK-08,140,6.75,7.8571,45.714298,25,651.80005,.17857143,4566.27,20.74074,10.639,10.714286,654.20001,649.40002
187,70813,Sonoma,Monte Rio Union Elementary,KK-08,181,10,25.4144,66.8508,26,651.84998,.1436464,6049.4951,18.1,14.475,0,651.90002,651.79999
188,64105,Lassen,Janesville Union Elementary,KK-08,516,26,9.2593002,24.8148,65,651.90002,.12596899,4974.2813,19.846153,13.467,1.9379845,656.29999,647.5
189,63172,Imperial,Magnolia Union Elementary,KK-08,108,5,3.6696999,32.1101,25,652,.23148148,4432.478,21.6,9.665,4.6296296,648.20001,655.79999
190,64188,Lassen,Shaffer Union Elementary,KK-08,419,18.67,13.9535,50,58,652.09998,.13842481,4924.6191,22.442421,12.708,5.2505965,656.40002,647.79999
191,66506,Orange,Fullerton Elementary,KK-08,12567,546.04999,7.6230998,40.399502,1099,652.09998,.087451264,4603.6597,23.014376,17.823,27.540382,651.59998,652.59998
192,70649,Sonoma,Cinnabar Elementary,KK-06,287,16.17,3.7931001,31.0345,65,652.29999,.22648084,5973.9253,17.748919,17.156,14.982578,655.09998,649.5
193,69278,Santa Barbara,Santa Barbara Elementary,KK-08,6201,339.10001,7.1795998,47.702499,634,652.30005,.10224158,5215.9438,18.28664,19.589636,47.879375,650.90002,653.70001
194,63016,Humboldt,Rohnerville Elementary,KK-08,577,29.950001,20.3361,46.0504,134,652.34998,.2322357,4882.2368,19.265442,14.197,0,657.20001,647.5
195,71431,Sutter,Pleasant Grove Joint Union Elementary,KK-08,170,7.5,10.5882,32.352901,41,652.40002,.24117647,4145.8359,22.666666,11.912,1.764706,660.29999,644.5
196,73700,Shasta,Mountain Union Elementary,KK-08,164,8.5,33.536598,65.853699,36,652.40002,.21951219,7542.0381,19.294117,13.386,0,655.20001,649.59998
197,63784,Kern,South Fork Union Elementary,KK-08,382,22,29.2383,59.213799,75,652.5,.19633508,5247.0181,17.363636,11.554,0,653.09998,651.90002
198,68155,San Diego,Jamul-Dulzura Union Elementary,KK-08,1221,61.599998,4.3407001,25.3071,250,652.84998,.20475021,5169.8149,19.821428,19.025999,7.2891073,656.79999,648.90002
199,69765,Santa Cruz,Live Oak Elementary,KK-08,2214,108.35,12.8726,36.449902,213,653.09998,.096205965,5951.0059,20.433779,16.407,17.028004,656.09998,650.09998
200,67116,Riverside,Menifee Union Elementary,KK-08,4523,215,5.7519002,29.1987,409,653.40002,.090426706,4746.5723,21.037209,14.058,10.435552,653.70001,653.09998
201,63552,Kern,Lakeside Union Elementary,KK-08,793,39.799999,4.4136,30.769199,49,653.5,.061790667,4944.0923,19.924623,19.068001,2.2698612,652.40002,654.59998
202,69724,Santa Clara,Whisman Elementary,KK-08,1678,88.269997,5.4826999,38.200199,254,653.54999,.15137067,6306.4873,19.009857,20.77,28.247913,655.59998,651.5
203,63180,Imperial,McCabe Union Elementary,KK-08,536,22.5,5.5970001,28.1716,35,653.55005,.065298505,4260.3066,23.822222,10.264,8.7686567,653.40002,653.70001
204,68551,San Joaquin,Lammersville Elementary,KK-08,307,15.85,5.5374999,28.664499,36,653.69995,.11726385,4718.1631,19.369085,14.578,7.4918566,654.09998,653.29999
205,71563,Tehama,Lassen View Union Elementary,KK-08,347,17.5,18.4438,53.602299,56,653.79999,.16138329,4751.2998,19.828571,10.202,9.7982712,655.5,652.09998
206,62927,Humboldt,Loleta Union Elementary,KK-08,168,11.01,29.1667,63.690498,30,653.84998,.17857143,5653.4536,15.258855,12.502,12.5,655.90002,651.79999
207,70045,Shasta,Junction Elementary,KK-08,532,31,10.5066,29.643499,81,653.94995,.15225564,5920.2534,17.161291,13.906,0,656.59998,651.29999
208,64931,Los Angeles,Rosemead Elementary,KK-08,3272,150,24.021999,76.772598,374,654.09998,.11430318,4825.5908,21.813334,9.9860001,31.204155,651.40002,656.79999
209,66332,Nevada,Grass Valley Elementary,KK-08,2045,107.21,12.1271,40.9291,268,654.19995,.13105135,5532.582,19.074713,13.712,1.3691932,657.79999,650.59998
210,71829,Tulare,Buena Vista Elementary,KK-08,156,6.0500002,10.4294,47.852798,7,654.19995,.044871796,3926.0696,25.785124,10.098,9.6153851,659.79999,648.59998
211,63545,Kern,Kernville Union Elementary,KK-08,1129,61.990002,34.189499,62.267502,164,654.29999,.14526129,5805.6367,18.212614,11.291,0,655.09998,653.5
212,67348,Sacramento,Galt Joint Union Elementary,KK-08,3669,201.97,11.3589,41.0546,500,654.59998,.13627692,4899.2397,18.166063,13.225,24.25729,652.70001,656.5
213,67553,San Benito,Southside Elementary,KK-08,157,9.25,1.8987,10.1266,19,654.84998,.12101911,4884.8623,16.972973,13.63,9.5541401,654.20001,655.5
214,68189,San Diego,Lakeside Union Elementary,KK-08,4928,229.2,8.5419998,25.8885,618,654.84998,.12540585,5139.9375,21.500874,14.623,5.9253244,653.5,656.20001
215,71423,Sutter,Nuestro Elementary,KK-08,103,5,5.8252001,23.301001,13,654.90002,.1262136,5249.3647,20.6,8.776,.97087377,662.20001,647.59998
216,61994,Fresno,Alvina Elementary,KK-08,175,10.3,14.8571,70.285698,17,655.04999,.09714286,5399.0703,16.990292,10.338,18.285713,650,660.09998
217,61762,Contra Costa,Oakley Union Elementary,KK-08,4153,199.86,7.5268998,23.440901,241,655.05005,.058030341,4965.29,20.779545,16.323,4.9843488,657.40002,652.70001
218,70268,Siskiyou,Etna Union Elementary,KK-06,280,18.049999,8.6956997,56.521702,67,655.05005,.23928571,6210.3232,15.512466,10.656333,4.2857146,660.40002,649.70001
219,68544,San Joaquin,Jefferson Elementary,KK-08,865,43.5,3.0841999,12.5741,96,655.19995,.11098266,4797.5034,19.885057,14.578,3.3526011,660.79999,649.59998
220,69377,Santa Clara,Berryessa Union Elementary,KK-08,8735,408.20001,7.4966002,21.343399,1120,655.30005,.1282198,5397.1616,21.398823,18.6306,32.707497,655.40002,655.20001
221,63958,Kings,Kit Carson Union Elementary,KK-08,412,20.1,8.7378998,60.922298,72,655.34998,.17475729,5078.5,20.497513,11.116,9.4660196,653,657.70001
222,71290,Stanislaus,Sylvan Union Elementary,KK-08,6373,329.12,12.6785,36.889999,624,655.34998,.097913072,4733.7466,19.363758,14.597667,6.2607875,657.59998,653.09998
223,68635,San Joaquin,Oak View Union Elementary,KK-08,332,18.799999,9.0361004,34.036098,73,655.40002,.21987952,4963.0601,17.659575,15.493,13.253013,653.20001,657.59998
224,66787,Placer,Auburn Union Elementary,KK-08,2903,138.12,11.1264,34.447102,192,655.54999,.066138476,5431.1772,21.017956,16.271999,3.1691353,662,649.09998
225,67504,San Benito,North County Joint Union Elementary,KK-08,565,29.65,6.7256999,36.637199,60,655.69995,.10619469,5382.0889,19.055649,13.63,16.99115,651.59998,659.79999
226,61945,El Dorado,Pioneer Union Elementary,KK-08,586,26,7.5085001,37.883999,78,655.79999,.1331058,5724.4419,22.538462,12.394,.85324234,662,649.59998
227,67645,San Bernardino,Central Elementary,KK-08,5068,240.10001,7.0639,34.234402,626,655.84998,.12352013,4843.4272,21.107872,15.331,6.6495657,655.90002,655.79999
228,70094,Shasta,Pacheco Union Elementary,KK-08,859,42.84,16.4144,40.162998,118,656.40002,.13736904,5730.3491,20.051353,12.666,.11641444,654.09998,658.70001
229,66316,Nevada,Chicago Park Elementary,KK-08,145,10.21,8.2758999,20,20,656.5,.13793103,5635.7861,14.201763,13.712,0,657.79999,655.20001
230,68874,San Mateo,Brisbane Elementary,KK-08,649,35.125,3.8520999,19.5686,155,656.55005,.23882897,5671.6572,18.476868,17.780334,6.9337444,658.70001,654.40002
231,63883,Kings,Central Union Elementary,KK-08,1789,96,2.9625001,56.0089,435,656.65002,.2431526,7070.6333,18.635416,10.556667,9.5584126,655.40002,657.90002
232,70011,Shasta,Happy Valley Union Elementary,KK-08,775,37,24.9032,61.419399,50,656.70001,.064516127,5097.3433,20.945946,10.523,.90322578,661.5,651.90002
233,61572,Calaveras,Mark Twain Union Elementary,KK-08,777,36.849998,12.9887,39.848701,148,656.80005,.19047619,5482.6772,21.085482,13.243,1.1583011,663.40002,650.20001
234,65458,Marin,San Rafael City Elementary,KK-08,3518,188.2,9.7707996,49.426899,419,656.80005,.11910176,5642.832,18.692881,22.473,40.108017,656.70001,656.90002
235,67991,San Diego,Cajon Valley Union Elementary,KK-08,19294,924.57001,18.9319,50.970798,2401,657,.12444283,5280.0234,20.868078,15.684654,16.663212,657.59998,656.40002
236,69393,Santa Clara,Campbell Union Elementary,KK-08,7661,386.42001,7.8058,32.136799,1158,657,.1511552,5433.3398,19.825577,23.483749,21.955359,657.29999,656.70001
237,71365,Sutter,Browns Elementary,KK-08,158,8,6.3291001,25.3165,34,657.15002,.21518987,4529.2837,19.75,11.649,8.8607597,661,653.29999
238,66324,Nevada,Clear Creek Elementary,KK-08,117,6,8.4034004,36.134499,42,657.40002,.35897437,6039.9858,19.5,16.356001,.85470092,664.90002,649.90002
239,63057,Humboldt,Trinidad Union Elementary,KK-08,160,8.6999998,16.091999,36.781601,37,657.5,.23125,6168.2295,18.390804,14.074,0,672.79999,642.20001
240,70722,Sonoma,Guerneville Elementary,KK-08,511,27.200001,27.485399,51.851898,30,657.55005,.058708414,5774.9702,18.786764,13.437,3.9138942,664.20001,650.90002
241,69013,San Mateo,San Bruno Park Elementary,KK-08,2770,140.11,3.6101,25.559601,296,657.65002,.10685921,4806.7617,19.77018,18.337999,11.949459,659.70001,655.59998
242,71472,Tehama,Antelope Elementary,KK-08,551,28.5,15.2344,51.5625,46,657.75,.083484575,4840.936,19.333334,11.426,3.9927404,660.20001,655.29999
243,66472,Orange,Centralia Elementary,KK-06,5205,242.5,8.3189001,37.2911,474,657.79999,.091066286,4954.4663,21.463917,15.749917,22.939482,655.09998,660.5
244,67702,San Bernardino,Etiwanda Elementary,KK-08,6437,278.84,2.5167,17.150801,622,657.90002,.096628867,4023.5317,23.084923,15.779,2.48563,658.5,657.29999
245,65169,Los Angeles,Wiseburn Elementary,KK-08,1712,81.279999,5.3737998,32.651901,122,658,.071261682,5179.4111,21.062992,14.062,9.8714952,657,659
246,63024,Humboldt,Scotia Union Elementary,KK-08,370,19.799999,6.5040998,36.3144,56,658.34998,.15135135,4385.2295,18.686869,12.174,.54054058,664,652.70001
247,67785,San Bernardino,Mountain View Elementary,KK-08,3182,153.2,3.5304999,26.9433,328,658.59998,.10307983,4777.5127,20.770235,12.9,8.9566317,654.70001,662.5
248,68791,San Luis Obispo,Pleasant Valley Joint Union Elementary,KK-06,139,7.1999998,.71939999,29.496401,32,658.79999,.23021583,4862.7905,19.305555,10.971,6.4748197,661.29999,656.29999
249,69625,Santa Clara,Oak Grove Elementary,KK-08,11855,588.84003,9.0158005,32.765499,1507,659.05005,.12711936,5486.0298,20.132803,17.4352,20.725431,654.90002,663.20001
250,61960,El Dorado,Pollock Pines Elementary,KK-08,1068,51.669998,12.8277,36.797798,129,659.15002,.12078652,5486.3823,20.669636,14.76,.18726592,662.09998,656.20001
251,64345,Los Angeles,Castaic Union Elementary,KK-08,2295,103,4.0395002,31.370899,224,659.34998,.097603485,4631.2437,22.281553,14.603,13.986929,658.29999,660.40002
252,63255,Inyo,Bishop Union Elementary,KK-08,1510,73.300003,10.2598,37.108601,141,659.40002,.093377486,5189.6279,20.600271,13.522333,8.7417212,662.79999,656
253,69138,Santa Barbara,Buellton Union Elementary,KK-08,579,27.799999,1.5,31.5,60,659.40002,.10362694,4600.6064,20.827339,16.669001,20.034542,660,658.79999
254,75135,Madera,Chawanakee Jt. Elementary,KK-08,1012,52.639999,10.4847,33.6301,140,659.79999,.13833992,6735.7754,19.224924,13.52225,1.3833992,660.79999,658.79999
255,70508,Siskiyou,Yreka Union Elementary,KK-08,1212,68.650002,18.297199,47.124699,107,659.90002,.088283829,5475.1729,17.65477,12.518,2.0627062,660.40002,659.40002
256,70599,Sonoma,Alexander Valley Union Elementary,KK-06,119,7,4,33.599998,23,660.05005,.19327731,5990.7944,17,18.326,28.57143,661.70001,658.40002
257,66415,Nevada,Twin Ridges Elementary,KK-08,590,35.762501,7.7965999,30.677999,78,660.09998,.13220339,7203.2466,16.497728,11.466,.16949153,673.09998,647.09998
258,72173,Tulare,Sundale Union Elementary,KK-08,546,27.6,13.9194,54.761902,60,660.19995,.10989011,4777.769,19.782608,10.098,13.736264,659.79999,660.59998
259,72207,Tulare,Three Rivers Union Elementary,KK-08,248,11.12,7.4626999,21.2687,51,660.29999,.20564516,4302.835,22.302158,15.365,0,667.79999,652.79999
260,72348,Tuolumne,Columbia Union Elementary,KK-08,461,26,14.4708,48.812099,150,660.75,.32537961,5630.1948,17.73077,10.311333,.21691975,666.90002,654.59998
261,65102,Los Angeles,Westside Union Elementary,KK-08,6312,308.67999,9.8379002,22.693001,496,660.94995,.078580484,4708.625,20.44836,16.986626,3.1210394,662.09998,659.79999
262,65649,Merced,Ballico-Cressey Elementary,KK-08,285,13.99,7.2413998,66.206902,62,661.34998,.21754386,5629.9614,20.371695,9.6120005,47.368423,661.09998,661.59998
263,68973,San Mateo,Millbrae Elementary,KK-08,2325,115.3,2.8817,15.6559,302,661.45001,.12989247,4890.9868,20.164787,21.1105,22.709679,662,660.90002
264,69435,Santa Clara,Evergreen Elementary,KK-08,11885,549.84003,10.1977,30.4417,1790,661.59998,.15061001,4929.3931,21.615377,16.473312,29.120741,659.09998,664.09998
265,70730,Sonoma,Harmony Union Elementary,KK-08,564,27.43,6.8965998,21.379299,46,661.59998,.081560284,4905.2212,20.561428,18.368999,4.4326243,672.40002,650.79999
266,63362,Kern,Panama Buena Vista Union Elementary,KK-08,12380,620.38,12.2952,31.0189,1671,661.84998,.13497576,5156.8569,19.955511,16.654112,4.8142166,660.09998,663.59998
267,68932,San Mateo,Laguna Salada Union Elementary,KK-08,3772,178.06,3.372,18.3878,529,661.84998,.1402439,4941.7876,21.18387,18.544222,5.2492046,665.40002,658.29999
268,72371,Tuolumne,Sonora Elementary,KK-08,895,47.580002,17.5532,42.4468,70,661.84998,.078212291,5408.7817,18.810423,14.18,1.8994414,662.70001,661
269,66910,Placer,Roseville City Elementary,KK-08,5714,277.67001,10.5343,30.069099,489,661.90002,.085579276,4981.3877,20.578382,18.029554,8.6629333,664.29999,659.5
270,71084,Stanislaus,Gratton Elementary,KK-08,105,5.73,0,0,16,661.90002,.15238096,4877.0864,18.324608,13.586,10.476191,662.5,661.29999
271,64196,Lassen,Susanville Elementary,KK-08,1449,76.989998,16.527901,42.600899,125,661.95001,.086266391,5111.7393,18.820627,12.64,1.242236,660.40002,663.5
272,69872,Shasta,Bella Vista Elementary,KK-08,510,24.5,20.3922,45.882401,95,662.40002,.18627451,5201.5156,20.816326,11.103,0,663.09998,661.70001
273,71852,Tulare,Columbine Elementary,KK-08,160,8,11.25,56.875,39,662.40002,.24375001,4138.3057,20,7.5,9.375,651.40002,673.40002
274,64626,Los Angeles,Hughes-Elizabeth Lakes Union Elementary,KK-08,433,22,9.3360996,25.103701,50,662.45001,.11547344,5743.5972,19.681818,15.506,1.3856814,665.40002,659.5
275,69591,Santa Clara,Mountain View Elementary,KK-08,3186,164.31,5.4538999,44.390701,411,662.5,.12900189,5702.7051,19.390177,22.8414,35.342121,663.5,661.5
276,65045,Los Angeles,Sulphur Springs Union Elementary,KK-06,5010,239.39999,5.2989001,27.3545,576,662.55005,.11497006,4802.1528,20.927319,19.823126,9.6407185,661.70001,663.40002
277,70680,Sonoma,Forestville Union Elementary,KK-08,717,35.950001,8.8888998,24.7222,100,662.55005,.13947001,5442.1431,19.944366,16.347,2.2315202,669.40002,655.70001
278,63750,Kern,Rosedale Union Elementary,KK-08,3548,170.64999,3.26,14.8509,335,662.65002,.09441939,4522.3755,20.791094,16.292999,.36640361,658.29999,667
279,69948,Shasta,Columbia Elementary,KK-08,868,45.200001,16.589899,29.838699,78,662.70001,.089861751,4965.8081,19.203539,13.248,.57603687,662.40002,663
280,66795,Placer,Colfax Elementary,KK-08,507,26.65,13.2039,37.087399,60,662.75,.1183432,5358.3262,19.024391,14.01,0,667.09998,658.40002
281,70425,Siskiyou,Mt. Shasta Union Elementary,KK-08,822,46.650002,8.0738001,25.605499,105,662.90002,.12773722,5784.625,17.620579,14.163,.85158151,668.29999,657.5
282,70870,Sonoma,Piner-Olivet Union Elementary,KK-06,1792,88.550003,3.125,20.9263,143,663.34998,.079799108,5072.7046,20.237154,15.771,5.5245538,667.40002,659.29999
283,65185,Madera,Bass Lake Joint Elementary,KK-08,1202,62.299999,12.0769,35.846199,190,663.44995,.15806988,5556.041,19.293739,14.483333,0,664.29999,662.59998
284,62745,Humboldt,Cutten Elementary,KK-06,515,27.35,16.116501,26.2136,58,663.5,.11262136,5190.3101,18.829981,14.209,0,660.20001,666.79999
285,61952,El Dorado,Placerville Union Elementary,KK-08,1354,66.57,12.0384,36.484501,263,663.84998,.19423929,5211.4854,20.339493,15.167,2.4372232,666.40002,661.29999
286,71035,Sonoma,Wright Elementary,KK-06,1252,65.110001,9.4511995,43.216499,113,663.84998,.090255588,5284.1641,19.228996,12.58425,20.766773,659.40002,668.29999
287,71522,Tehama,Evergreen Union Elementary,KK-08,823,46,13.8518,55.2855,127,663.90002,.15431349,5331.9209,17.891304,10.551,2.1871204,657.70001,670.09998
288,70847,Sonoma,Old Adobe Union Elementary,KK-06,2231,114.3,2.9161,13.3692,258,664,.11564321,5599.6079,19.51881,16.955999,13.626176,666.20001,661.79999
289,71019,Sonoma,Wilmar Union Elementary,KK-06,271,14.2,4.4674001,25.4296,81,664,.29889297,4881.8994,19.084507,17.709,13.284133,668.70001,659.29999
290,66761,Placer,Ackerman Elementary,KK-08,309,15.5,4.2070999,32.6861,85,664.15002,.27508092,4700.4321,19.935484,16.271999,1.9417475,671.29999,657
291,69815,Santa Cruz,Santa Cruz City Elementary,KK-06,3005,159.22,8.6190004,33.810299,308,664.15002,.10249584,5650,18.873257,17.900801,23.061565,666.70001,661.59998
292,62679,Humboldt,Arcata Elementary,KK-08,966,47.959999,20.958099,47.305401,114,664.29999,.11801242,5318.2407,20.141785,11.834,.62111801,674,654.59998
293,67595,San Bernardino,Alta Loma Elementary,KK-08,7710,327.29999,4.4721999,15.9299,814,664.40002,.10557717,4709.0542,23.556372,18.620199,3.2555122,663.40002,665.40002
294,66837,Placer,Foresthill Union Elementary,KK-08,762,35.5,10.8108,30.373199,54,664.44995,.070866145,5143.1904,21.464788,12.431,0,663.09998,665.79999
295,61929,El Dorado,Mother Lode Union Elementary,KK-08,1708,89,8.4895,29.039801,206,664.70001,.1206089,5133.0098,19.191011,15.167,2.2248244,665.5,663.90002
296,66613,Orange,Ocean View Elementary,KK-08,9850,489.29999,3.335,30.6437,1113,664.75,.11299492,5081.4556,20.1308,20.87575,18.558376,663.70001,665.79999
297,62596,Glenn,Lake Elementary,KK-08,129,5,9.3023005,50.3876,10,664.94995,.07751938,4016.4163,25.799999,10.639,6.2015505,667.59998,662.29999
298,69039,San Mateo,San Mateo-Foster City Elementary,KK-08,10619,565.51001,2.5383999,28.3766,1150,664.95001,.10829645,5374.0503,18.77774,25.029619,18.457481,665.90002,664
299,69195,Santa Barbara,Goleta Union Elementary,KK-06,4521,236.58,3.7052,31.0828,494,665.09998,.10926786,5427.5488,19.109816,16.757801,32.072552,666.79999,663.40002
300,67736,San Bernardino,Helendale Elementary,KK-08,580,29.440001,11.8966,30.1724,114,665.20001,.19655173,5179.6445,19.701086,15.297,3.965517,656.20001,674.20001
301,70854,Sonoma,Petaluma City Elementary,KK-06,2569,138,5.4864001,24.747101,326,665.34998,.12689762,5400,18.615942,17.369446,15.336707,669.79999,660.90002
302,69690,Santa Clara,Sunnyvale Elementary,KK-08,6022,286.79999,6.395,36.000702,756,665.65002,.12553969,5726.1465,20.997211,22.096001,27.665228,663.90002,667.40002
303,69179,Santa Barbara,College Elementary,KK-08,670,33.5,.4161,13.8696,47,665.90002,.07014925,5003.8701,20,22.841999,12.537314,670.29999,661.5
304,68197,San Diego,La Mesa-Spring Valley,KK-08,14708,700.94,13.5301,45.7234,1962,665.95001,.13339679,4969.5112,20.983252,18.319876,12.680175,664.5,667.40002
305,66530,Orange,Huntington Beach City Elementary,KK-08,6601,305,1.1968,15.0886,706,666,.10695349,4747.2959,21.642624,25.030001,6.9080443,668,664
306,69336,Santa Barbara,Solvang Elementary,KK-08,675,33.700001,0,31.8519,87,666.05005,.12888889,4543.3052,20.029673,21.957001,14.962962,668.70001,663.40002
307,69849,Santa Cruz,Soquel Elementary,KK-08,2458,124.07,6.0187001,24.6035,193,666.09998,.078519121,5229.5913,19.811398,18.796833,11.269325,666.90002,665.29999
308,62554,Glenn,Capay Joint Union Elementary,KK-08,144,8,4.1666999,44.444401,14,666.15002,.097222224,4507.353,18,10.639,9.7222223,671.90002,660.40002
309,70714,Sonoma,Gravenstein Union Elementary,KK-08,573,29.6,6.993,15.2098,48,666.15002,.083769634,5302.6279,19.358109,17.507999,3.3158813,671,661.29999
310,66381,Nevada,Pleasant Valley Elementary,KK-08,721,35.73,1.8494,18.494101,82,666.44995,.11373093,5545.6104,20.179121,18.593,.69348127,668.79999,664.09998
311,63990,Kings,Pioneer Union Elementary,KK-08,992,46.970001,3.7298,22.883101,160,666.55005,.16129032,4615.9087,21.119864,11.116,5.141129,671.20001,661.90002
312,68361,San Diego,Santee Elementary,KK-08,8432,360.5,6.3923001,22.9839,0,666.59998,0,5397.6895,23.389736,14.097667,4.9691653,663.70001,669.5
313,64113,Lassen,Johnstonville Elementary,KK-08,244,11,15.5738,40.163898,15,666.65002,.061475411,5118.373,22.181818,12.64,6.9672132,672.09998,661.20001
314,72553,Ventura,Pleasant Valley Elementary,KK-08,7116,356.82001,2.599,13.2762,785,666.65002,.11031479,5008.0708,19.942827,20.936428,7.9960651,667.5,665.79999
315,72355,Tuolumne,Curtis Creek Elementary,KK-08,830,46.66,10.4119,32.6087,95,666.69995,.11445783,4906.0303,17.788256,14.18,.48192772,662.09998,671.29999
316,70300,Siskiyou,Fort Jones Union Elementary,KK-06,160,10.88,13.3758,53.503201,38,666.84998,.2375,6870.3462,14.705882,11.826,2.5,666.90002,666.79999
317,70805,Sonoma,Mark West Union Elementary,KK-06,1588,83.400002,6.7985001,20.580999,220,666.84998,.13853905,5301.7163,19.040768,18.671,3.84131,671.29999,662.40002
318,67967,San Diego,Alpine Union Elementary,KK-08,2272,108.75,4.0493002,16.0651,307,667.15002,.13512324,5182.3657,20.891954,17.332001,1.3204225,667.70001,666.59998
319,70938,Sonoma,Sebastopol Union Elementary,KK-08,1425,71.830002,5.0925999,19.8302,65,667.19995,.045614034,4999.4688,19.838507,17.507999,4.9122806,669.79999,664.59998
320,62828,Humboldt,Freshwater Elementary,KK-06,245,12.55,8.9796,13.0612,30,667.45001,.12244898,6732.0664,19.521912,15.572,0,672.20001,662.70001
321,63693,Kern,Norris Elementary,KK-08,1349,65.212502,2.0014999,8.6731005,259,667.45001,.19199407,4612.9897,20.686218,15.56725,.22238696,667,667.90002
322,72132,Tulare,Springville Union Elementary,KK-08,400,22,13.8009,29.8643,65,667.59998,.16249999,5478.8457,18.181818,15.752,0,669.20001,666
323,69575,Santa Clara,Moreland Elementary,KK-08,4632,245.17999,7.0370002,23.642,637,668,.13752159,5666.7139,18.892242,20.469999,17.854059,669.40002,666.59998
324,63610,Kern,Maple Elementary,KK-08,224,9,5.3571,35.267899,15,668.09998,.066964284,4742.5142,24.888889,9.7089996,4.4642859,660.5,675.70001
325,63941,Kings,Kings River-Hardwick Union Elementary,KK-08,576,31,3.9930999,28.125,92,668.40002,.15972222,4907.3926,18.580645,11.116,9.5486116,665.79999,671
326,68163,San Diego,Julian Union Elementary,KK-08,451,25,8.6475,11.7517,75,668.59998,.16629712,5700.4023,18.040001,16.320999,3.9911308,672.70001,664.5
327,68007,San Diego,Cardiff Elementary,KK-06,900,50.75,2.1018,24.3363,145,668.65002,.16111112,5191.8345,17.73399,21.966999,20.666666,668.79999,668.5
328,72108,Tulare,Saucelito Elementary,KK-08,118,5.5,8.3332996,51.666698,10,668.79999,.084745765,4451.2568,21.454546,8.934,7.6271186,668.5,669.09998
329,67975,San Diego,Bonsall Union Elementary,KK-08,1457,73.129997,5.9822998,42.964001,0,668.90002,0,5627.5278,19.923426,19.997,27.453672,666.20001,671.59998
330,66480,Orange,Cypress Elementary,KK-06,4734,232.75,2.6078,19.372499,586,668.95001,.12378538,4922.9399,20.33942,18.82723,10.857626,665.5,672.40002
331,64766,Los Angeles,Lowell Joint Elementary,KK-08,3303,146.5,4.6623998,16.9543,379,669.09998,.11474417,4969.3809,22.546076,18.118666,5.0257339,666.09998,672.09998
332,64832,Los Angeles,Newhall Elementary,KK-06,6055,286.92001,5.6134,30.0851,540,669.30005,.089182496,4829.7173,21.103443,23.667376,14.236169,668.90002,669.70001
333,65359,Marin,Lagunitas Elementary,KK-08,424,23.299999,3.5376999,15.3302,39,669.30005,.091981135,6716.6929,18.197426,22.139,.23584905,680.90002,657.70001
334,69385,Santa Clara,Cambrian Elementary,KK-08,2801,139.3,5.0338998,23.0989,615,669.34998,.21956444,5205.9419,20.107681,20.546,2.070689,673.29999,665.40002
335,71654,Tehama,Richfield Elementary,KK-08,187,9.7600002,17.5532,44.680901,37,669.34998,.19786096,4357.8262,19.159836,9.4849997,8.5561495,664.59998,674.09998
336,62794,Humboldt,Fieldbrook Elementary,KK-08,129,6.5999999,13.9535,27.1318,17,669.79999,.13178295,5195.9189,19.545454,11.834,0,670.09998,669.5
337,68049,San Diego,Dehesa Elementary,KK-06,188,9,6.3829999,36.702099,41,669.84998,.21808511,6002.0718,20.888889,18.799,4.7872343,673.20001,666.5
338,69955,Shasta,Cottonwood Union Elementary,KK-08,1212,65.900002,22.1947,46.122101,116,669.95001,.09570957,5090.5879,18.391502,10.551,3.9603961,669.20001,670.70001
339,63479,Kern,Fruitvale Elementary,KK-08,2596,135.35001,3.0046,19.530001,249,670,.095916793,5112.3901,19.179903,15.519,1.5793529,669.20001,670.79999
340,69708,Santa Clara,Union Elementary,KK-08,4925,253.896,3.8211,12.1748,753,670.69995,.15289339,5287.355,19.397707,21.631727,3.5939085,672.79999,668.59998
341,66498,Orange,Fountain Valley Elementary,KK-08,6257,288.63,2.1635001,15.5128,930,671.25,.14863352,4889.48,21.678272,21.095751,8.7262268,671.20001,671.29999
342,61879,El Dorado,Gold Oak Union Elementary,KK-08,868,45,4.7234998,19.009199,122,671.29999,.140553,5118.1304,19.288889,15.167,0,674.59998,668
343,61838,El Dorado,Buckeye Union Elementary,KK-08,3787,186.10001,3.2479999,8.3443003,934,671.59998,.24663322,5119.123,20.349274,19.117001,.26406127,674.90002,668.29999
344,75085,Placer,Rocklin Unified,KK-08,6423,306.38,2.9298999,14.266,855,671.59998,.13311537,4792.2114,20.964161,17.620001,1.4479215,671.40002,671.79999
345,61887,El Dorado,Gold Trail Union Elementary,KK-08,678,34.84,2.5074,15.9292,47,671.65002,.069321536,5450.1035,19.46039,15.167,.14749262,677.59998,665.70001
346,62885,Humboldt,Hydesville Elementary,KK-08,162,8.3999996,16.959101,33.918098,23,671.69995,.14197531,5210.7246,19.285715,10.643,0,679.79999,663.59998
347,64998,Los Angeles,Saugus Union Elementary,KK-06,8529,407.70001,2.1925001,11.7013,834,671.75,.097784027,4715.4458,20.919794,20.739056,3.7050064,668.90002,674.59998
348,66845,Placer,Loomis Union Elementary,KK-08,1862,89.089996,2.8297,21.089199,231,671.90002,.12406015,4632.0684,20.900213,21.566,.26852846,673.09998,670.70001
349,66886,Placer,Placer Hills Union Elementary,KK-08,1452,70.5,2.4260001,10.4142,183,671.90002,.12603305,5028.5615,20.595745,17.656,0,679.59998,664.20001
350,70672,Sonoma,Dunham Elementary,KK-06,155,8,.64520001,12.2581,32,671.94995,.20645161,5695.4668,19.375,17.709,4.516129,672.29999,671.59998
351,69021,San Mateo,San Carlos Elementary,KK-08,2536,127.11,2.0328,2.0328,343,672.04999,.13525237,4504.2949,19.951223,27.816,2.4447949,676.09998,668
352,66399,Nevada,Ready Springs Union Elementary,KK-08,567,30.08,4.8951001,29.021,103,672.05005,.18165785,5156.437,18.849733,18.593,0,673.90002,670.20001
353,65219,Madera,Coarsegold Union Elementary,KK-08,953,52.599998,7.9875998,33.9212,135,672.29999,.14165792,5433.5142,18.11787,14.263,0,668.09998,676.5
354,68726,San Luis Obispo,Cayucos Elementary,KK-08,296,15.43,5.5921001,25.986799,42,672.34998,.1418919,5254.6318,19.183409,22.757999,5.4054055,674.59998,670.09998
355,64170,Lassen,Richmond Elementary,KK-08,198,9,2.451,12.7451,24,672.45001,.12121212,4593.1968,22,12.64,0,672.70001,672.20001
356,62109,Fresno,Clay Joint Elementary,KK-08,218,10.1,2.2421999,25.112101,49,672.55005,.22477064,4320.6787,21.584158,11.238,6.4220181,669.40002,675.70001
357,70995,Sonoma,Waugh Elementary,KK-06,734,36,2.0243001,12.8205,117,672.69995,.15940054,4920.7773,20.388889,16.955999,6.5395093,676.09998,669.29999
358,70979,Sonoma,Two Rock Union Elementary,KK-06,189,11.6,2.0725,32.124401,50,673.04999,.26455027,6905.8691,16.293102,17.709,14.285715,679.09998,667
359,68866,San Mateo,Belmont-Redwood Shores Elementary,KK-08,2528,138.31,1.3421,2.4456,482,673.25,.19066456,5729.9043,18.277782,25.622,3.6787975,675,671.5
360,61978,El Dorado,Rescue Union Elementary,KK-08,2987,154.17,2.0422001,11.1818,290,673.29999,.097087376,4825.2021,19.374716,18.726,.50217611,676.09998,670.5
361,66779,Placer,Alta-Dutch Flat Union Elementary,KK-08,208,11,9.3896999,32.8638,21,673.54999,.10096154,5388.1704,18.90909,13.443,0,680.5,666.59998
362,68353,San Diego,San Pasqual Union Elementary,KK-08,379,23.1,2.9024,22.163601,29,673.54999,.07651715,5133.8271,16.406925,15.18,22.691294,670.5,676.59998
363,61911,El Dorado,Latrobe Elementary,KK-08,145,9.3000002,6.2069001,0,27,673.90002,.18620689,5346.1563,15.591397,19.117001,0,670.5,677.29999
364,66407,Nevada,Union Hill Elementary,KK-08,706,37.740002,2.5936999,23.0548,103,674.25,.14589235,4789.3091,18.706942,13.712,.14164306,676,672.5
365,70961,Sonoma,Twin Hills Union Elementary,KK-08,878,47.900002,1.375,15.75,105,675.40002,.11958998,5329.7822,18.329853,17.507999,2.7334852,681,669.79999
366,62976,Humboldt,Pacific Union Elementary,KK-08,594,33.18,12.2689,25.378201,75,675.70001,.12626262,5371.1729,17.902351,11.834,1.6835017,683,668.40002
367,71696,Trinity,Douglas City Elementary,KK-08,139,7.3499999,20.8633,66.906502,40,676.15002,.28776979,5771.3838,18.911566,13.273,0,680.09998,672.20001
368,66373,Nevada,Pleasant Ridge Union Elementary,KK-08,2089,102.78,2.5185001,14.037,318,676.54999,.15222594,4993.6348,20.324966,16.356001,.14360937,673.79999,679.29999
369,66852,Placer,Newcastle Elementary,KK-08,326,16.280001,4.2944999,11.0429,42,676.59998,.12883435,4854.0381,20.024569,18.625999,0,673.29999,679.90002
370,72470,Ventura,Mesa Union Elementary,KK-08,516,21.5,.96899998,27.7132,50,676.84998,.096899226,4392.6797,24,23.733,11.046512,680.5,673.20001
371,71787,Trinity,Weaverville Elementary,KK-08,449,25.5,12.7273,48.484798,50,676.94995,.11135858,5884.4321,17.607843,12.934,0,672.79999,681.09998
372,70078,Shasta,North Cow Creek Elementary,KK-08,297,15.35,2.3569,4.0404,70,677.25,.23569024,4273.9932,19.348534,13.906,0,679,675.5
373,66340,Nevada,Nevada City Elementary,KK-08,1579,80.239998,5.5556002,21.7803,165,677.95001,.10449652,5146.7842,19.678465,15.428,.063331224,678.5,677.40002
374,62893,Humboldt,Jacoby Creek Elementary,KK-08,383,20.450001,6.0051999,10.1828,49,678.05005,.12793733,5351.5229,18.728605,15.381,0,682.90002,673.20001
375,70698,Sonoma,Fort Ross Elementary,KK-08,81,5.0999999,3.6145,0,14,678.40002,.17283951,7667.5718,15.882353,22.528999,0,685.29999,671.5
376,68080,San Diego,Encinitas Union Elementary,KK-06,5259,262.23001,2.3959,19.091101,701,678.79999,.1332953,5281.709,20.054913,23.806099,15.059897,679,678.59998
377,65318,Marin,Dixie Elementary,KK-08,1960,108.96,1.9417,3.7302001,223,679.40002,.11377551,5368.5029,17.988253,24.603001,1.4795918,684.09998,674.70001
378,69492,Santa Clara,Lakeside Joint Elementary,KK-06,151,8.8999996,2.6489999,8.6092997,31,679.5,.20529801,6429.2573,16.966293,36.174,2.6490066,676.79999,682.20001
379,64600,Los Angeles,Hermosa Beach City Elementary,KK-08,946,49.169998,2.1784,6.5352998,310,679.65002,.32769555,5387.459,19.239374,33.455002,1.4799154,683.09998,676.20001
380,70896,Sonoma,Rincon Valley Union Elementary,KK-06,2707,141.02,5.1395998,19.230801,300,679.75,.11082379,5235.7749,19.195858,20.480223,4.469893,678.70001,680.79999
381,66233,Monterey,Washington Union Elementary,KK-08,919,46.889999,1.0493,0,141,679.80005,.15342765,4829.8965,19.599062,20.134001,.32644179,680.20001,679.40002
382,70623,Sonoma,Bennett Valley Union Elementary,KK-06,945,46,4.2399001,10.6515,216,680.05005,.22857143,5088.708,20.543478,19.3465,2.5396826,685.70001,674.40002
383,69500,Santa Clara,Loma Prieta Joint Union Elemen,KK-08,738,39.702,0,.67750001,220,680.45001,.29810297,5390.1182,18.588484,36.174,.54200542,684.20001,676.70001
384,70789,Sonoma,Kenwood Elementary,KK-06,164,10.51,2.3529,12.9412,35,681.29999,.21341464,6588.4307,15.604186,22.863335,11.585366,682.79999,679.79999
385,70797,Sonoma,Liberty Elementary,KK-06,167,10.92,.52079999,11.4583,29,681.29999,.17365269,6196.6948,15.29304,17.709,11.377245,680.79999,681.79999
386,71142,Stanislaus,Knights Ferry Elementary,KK-08,125,7.0799999,4,14.4,25,681.59998,.2,4645.4131,17.655367,14.177,0,688.5,674.70001
387,65334,Marin,Kentfield Elementary,KK-08,1091,62.060001,.53670001,.53670001,113,681.90002,.1035747,6489.9287,17.579762,41.092999,1.3748854,689.79999,674
388,69104,Santa Barbara,Ballard Elementary,KK-06,134,6,.74629998,3.7313001,27,682.15002,.20149253,5094.959,22.333334,21.957001,2.238806,681.79999,682.5
389,70839,Sonoma,Oak Grove Union Elementary,KK-08,600,32,2.6940999,29.318501,55,682.45001,.091666669,4841.9585,18.75,16.063999,5.3333335,680,684.90002
390,75002,Marin,Ross Valley Elementary,KK-08,1803,99.599998,1.9242001,3.622,283,682.54999,.15696062,6315.3125,18.102409,25.737,2.7731559,685.59998,679.5
391,69773,Santa Cruz,Mountain Elementary,KK-06,158,7.8000002,13.75,16.25,15,682.65002,.094936706,5399.3833,20.256411,20.474001,0,687.29999,678
392,68882,San Mateo,Burlingame Elementary,KK-08,2392,127.22,1.4214,6.2708998,439,683.34998,.18352842,5429.4736,18.802074,35.810001,17.725752,682.40002,684.29999
393,70003,Shasta,Grant Elementary,KK-08,526,28.02,3.9923999,11.4068,33,683.40002,.062737644,5644.2861,18.772305,13.567,0,684.5,682.29999
394,69757,Santa Cruz,Happy Valley Elementary,KK-06,141,6.9099998,10.0719,9.3525,44,684.30005,.31205675,6060.2568,20.40521,20.089001,0,680.40002,688.20001
395,69732,Santa Cruz,Bonny Doon Union Elementary,KK-06,235,12.6,4.6609998,5.9322,30,684.34998,.12765957,5319.5537,18.650793,18.283001,.42553189,688.5,680.20001
396,61812,Contra Costa,Walnut Creek Elementary,KK-08,3280,158.39999,2.7523,7.8593001,406,684.80005,.12378049,4819.9038,20.707071,25.239716,6.0670733,682.20001,687.40002
397,69211,Santa Barbara,Hope Elementary,KK-06,1254,57,1.5822999,12.5,0,684.95001,0,5208.2261,22,25.063,10.127591,686.20001,683.70001
398,65367,Marin,Larkspur Elementary,KK-08,948,53.560001,1.7932,1.8987,155,686.05005,.16350211,5859.9648,17.699776,30.6285,3.3755274,692.20001,679.90002
399,69419,Santa Clara,Cupertino Union Elementary,KK-08,15228,708.83002,1.7154,4.6908998,2232,686.69995,.1465721,4962.7368,21.48329,27.475216,8.6485424,683.09998,690.29999
400,69781,Santa Cruz,Pacific Elementary,KK-06,81,4.8499999,13.253,20.481899,21,687.54999,.25925925,7614.3794,16.701031,30.84,12.345679,693.79999,681.29999
401,69526,Santa Clara,Los Gatos Union Elementary,KK-08,2768,141.39999,.4481,2.7921,540,689.09998,.1950867,5566.4678,19.575672,34.1595,1.5895953,691.59998,686.59998
402,69252,Santa Barbara,Montecito Union Elementary,KK-06,535,31,.079999998,.72000003,84,691.04999,.15700935,7039.9492,17.258064,43.23,1.4953271,693.5,688.59998
403,68387,San Diego,Solana Beach Elementary,KK-06,2542,146.3,.82609999,9.6773996,404,691.34998,.15892997,6604.064,17.375256,27.94775,10.385523,687.70001,695
404,68965,San Mateo,Menlo Park City Elementary,KK-08,1940,111.82,.41240001,3.9175,265,691.90002,.13659793,6180.1489,17.349312,49.938999,6.1340203,693.70001,690.09998
405,65425,Marin,Reed Union Elementary,KK-08,1059,65.120003,.84990001,1.4164,272,693.95001,.25684607,6460.6572,16.262285,55.327999,2.266289,695.90002,692
406,65391,Marin,Mill Valley Elementary,KK-08,2340,132.2,1.5812,2.4359,403,694.25,.17222223,6415.355,17.700455,35.480999,2.4786325,693.59998,694.90002
407,61713,Contra Costa,Lafayette Elementary,KK-08,3469,172.34,0,.1734,496,694.80005,.14298068,5230.877,20.128815,34.300999,.89362925,697.90002,691.70001
408,68056,San Diego,Del Mar Union Elementary,KK-06,2106,115.3,1.7094001,2.6115999,300,695.19995,.14245014,5838.1719,18.265394,38.628571,2.4216523,695.09998,695.29999
409,69088,San Mateo,Woodside Elementary,KK-08,478,32.869999,0,0,112,695.29999,.23430963,7711.5068,14.542136,35.341999,3.7656903,701.29999,689.29999
410,61747,Contra Costa,Moraga Elementary,KK-08,1885,98.419998,.0506,.30329999,241,696.55005,.12785146,5592.7651,19.152611,31.052,1.9628648,697.40002,695.70001
411,61770,Contra Costa,Orinda Union Elementary,KK-08,2422,139.47,0,.1239,466,698.19995,.19240297,5933.1543,17.365742,40.264,.57803464,699.09998,697.29999
412,68908,San Mateo,Hillsborough City Elementary,KK-08,1318,87.059998,.1517,0,412,698.25,.31259483,7593.4058,15.138985,35.810001,2.8072839,695.40002,701.09998
413,69161,Santa Barbara,Cold Spring Elementary,KK-06,220,12.33,.45449999,0,22,698.44995,.1,6500.4497,17.842661,43.23,1.3636364,693.29999,703.59998
414,68981,San Mateo,Portola Valley Elementary,KK-08,687,44.59,.30489999,0,209,699.09998,.30422124,7217.2632,15.407042,50.676998,1.1644833,698.29999,699.90002
415,69682,Santa Clara,Saratoga Union Elementary,KK-08,2341,124.09,.1709,.59799999,286,700.30005,.12217002,5392.6387,18.865339,40.402,2.0504057,698.90002,701.70001
416,68957,San Mateo,Las Lomitas Elementary,KK-08,984,59.73,.1016,3.5569,195,704.30005,.19817074,7290.3389,16.474134,28.716999,5.995935,700.90002,707.70001
417,69518,Santa Clara,Los Altos Elementary,KK-08,3724,208.48,1.0741,1.5038,721,706.75,.19360903,5741.4629,17.862625,41.734108,4.7261009,704,709.5
418,72611,Ventura,Somis Union Elementary,KK-08,441,20.15,3.5634999,37.193802,45,645,.10204082,4402.8315,21.885857,23.733,24.263039,648.29999,641.70001
419,72744,Yuba,Plumas Elementary,KK-08,101,5,11.8812,59.405899,14,672.20001,.13861386,4776.3364,20.200001,9.9519997,2.9702971,667.90002,676.5
420,72751,Yuba,Wheatland Elementary,KK-08,1778,93.400002,6.9235001,47.571201,313,655.75,.1760405,5993.3926,19.036402,12.502,5.0056243,660.5,651
